{
  "DSF_raw": {
    "train_size": 1354,
    "val_size": 194,
    "test_size": 387,
    "complete_cases": 1935,
    "excluded_cases": 4,
    "lr": {
      "mse": 5.038467568110998,
      "mae": 1.7701634507088002,
      "r_squared": 0.037240979110188976,
      "mean_coverage_error": 0.014678568632057012,
      "max_coverage_error": 0.04527131782945748
    },
    "lqr": {
      "quantiles_trained": 99,
      "mean_coverage_error": 0.02669328948398718,
      "max_coverage_error": 0.047260981912144784
    },
    "nnqr": {
      "error": "x and y must have same first dimension, but have shapes (99,) and (9900,)"
    }
  },
  "DSB_raw": {
    "train_size": 1328,
    "val_size": 190,
    "test_size": 380,
    "complete_cases": 1898,
    "excluded_cases": 41,
    "lr": {
      "mse": 3.674730470726855,
      "mae": 1.5361100987195042,
      "r_squared": 0.05365475507191031,
      "mean_coverage_error": 0.03130249867091972,
      "max_coverage_error": 0.08421052631578946
    },
    "lqr": {
      "quantiles_trained": 99,
      "mean_coverage_error": 0.02984051036682616,
      "max_coverage_error": 0.15105263157894738
    },
    "nnqr": {
      "error": "x and y must have same first dimension, but have shapes (99,) and (9900,)"
    }
  },
  "SOC_raw": {
    "train_size": 1356,
    "val_size": 194,
    "test_size": 388,
    "complete_cases": 1938,
    "excluded_cases": 1,
    "lr": {
      "mse": 293.0876744835425,
      "mae": 13.825438888683625,
      "r_squared": 0.13479182632469822,
      "mean_coverage_error": 0.02093200041653651,
      "max_coverage_error": 0.05123711340206183
    },
    "lqr": {
      "quantiles_trained": 99,
      "mean_coverage_error": 0.024554826616682297,
      "max_coverage_error": 0.05989690721649488
    },
    "nnqr": {
      "error": "x and y must have same first dimension, but have shapes (99,) and (9900,)"
    }
  },
  "SDMT_raw": {
    "train_size": 1351,
    "val_size": 194,
    "test_size": 387,
    "complete_cases": 1932,
    "excluded_cases": 7,
    "lr": {
      "mse": 127.46616195685638,
      "mae": 8.86721204180036,
      "r_squared": 0.09780853000614376,
      "mean_coverage_error": 0.02085401821835929,
      "max_coverage_error": 0.06356589147286823
    },
    "lqr": {
      "quantiles_trained": 99,
      "mean_coverage_error": 0.025601753973847004,
      "max_coverage_error": 0.07289405684754521
    },
    "nnqr": {
      "error": "x and y must have same first dimension, but have shapes (99,) and (9900,)"
    }
  }
}